date,GPR,GPRH,GPRC_RUS,GPRC_TUR,GPRC_UKR,GPRC_CHN,GPRC_IND,GPRC_BRA,GPRC_ARG,GPRC_MEX,GPRC_ZAF,GPRC_EGY,GPRC_POL,GPRC_HUN,GPRC_IDN,GPRC_MYS,GPRC_PHL,GPRC_THA,GPRHC_RUS,GPRHC_TUR,GPRHC_UKR
1990Q1,75.51439921061198,67.65927124023438,0.8595616221427917,0.07580305015047391,0.025339858916898567,0.17193869998057684,0.11002101749181747,0.028368108595410984,0.017694942963620026,0.06779023756583531,0.12688630570967993,0.07316552971800168,0.22960788011550903,0.11059249192476273,0.0197126641869545,0.0012945989146828651,0.07737211013833682,0.041523813580473266,0.9717295368512472,0.0974449726442496,0.026308923338850338
1990Q2,82.57735697428386,73.04824829101562,1.0361836353937786,0.05300157889723778,0.03784793304900328,0.16692443688710532,0.18153086801369986,0.035298251857360206,0.01903809979557991,0.07607492556174596,0.11857098837693532,0.11688738316297531,0.27290457983811695,0.09609341124693553,0.009441050390402475,0.0053519524323443575,0.06649559487899144,0.0256709735840559,1.1149070262908936,0.06569839393099149,0.0386811817685763
1990Q3,174.96634928385416,136.4084904988607,1.5354321996370952,0.6173651777207851,0.030717451435824234,0.3656357675790787,0.47751285632451373,0.09689508626858394,0.06369093681375186,0.08185415466626485,0.1776075859864553,0.8015262484550476,0.2119102825721105,0.0654208039244016,0.08179498588045438,0.05135719540218512,0.17173627763986588,0.05417255312204361,1.5061200261116028,0.6464895407358805,0.031130532423655193
1990Q4,151.91951497395834,124.79262797037761,1.2464086612065632,0.22699272632598877,0.03981523588299751,0.3215250124533971,0.20199169218540192,0.0785707210501035,0.06439006763199966,0.08660777161518733,0.11627182364463806,0.47580088178316754,0.1290900558233261,0.05849107354879379,0.02443264176448186,0.03791245880226294,0.0704810805618763,0.03375747799873352,1.329071005185445,0.21420339743296304,0.03248135931789875
1991Q1,289.07537841796875,204.06404622395834,2.064855178197225,0.6145472327868143,0.06530383105079333,0.26554761330286664,0.31211132804552716,0.10064540058374405,0.04226036183536053,0.12008013824621837,0.1262077863017718,0.7288938363393148,0.13258341451485953,0.06653128812710445,0.05280599805215994,0.03367541109522184,0.1222713515162468,0.07871534178654353,1.971849004427592,0.5421440502007803,0.06225298220912615
1991Q2,91.35428873697917,78.1008809407552,0.7953413724899292,0.34293455878893536,0.016998276735345524,0.26936856905619305,0.15900680422782898,0.04434259608387947,0.01287572861959537,0.06511951113740604,0.15355074405670166,0.14175484329462051,0.08706055084864299,0.0457501703252395,0.022094544333716232,0.00774768212189277,0.06051499955356121,0.047015013794104256,0.8910735050837199,0.3942056397596995,0.009009867906570435
1991Q3,115.54063161214192,93.45815531412761,1.4611467917760212,0.22477779785792032,0.22056743254264197,0.2342257002989451,0.09878312548001607,0.03915844236811002,0.022983336821198463,0.07539956520001094,0.1549189736445745,0.1129226063688596,0.12523904566963515,0.10815534243981044,0.01358952559530735,0.02310776648422082,0.09781320889790852,0.031069962307810783,1.47636612256368,0.22587242225805917,0.20023359855016074
1991Q4,101.84789276123047,85.15303293863933,1.1866430044174194,0.14691531161467233,0.3940256287654241,0.2920338809490204,0.10644340763489406,0.03925346272687117,0.03550694013635317,0.06953555469711621,0.09178519745667775,0.09516163418690364,0.11577573170264562,0.10369258373975754,0.03593346383422613,0.013999852041403452,0.04102244724829992,0.05569016064206759,1.1783010164896648,0.1585885932048162,0.37391018867492676
1992Q1,91.81947326660156,77.77626546223958,1.002551019191742,0.16275798777739206,0.2464411606391271,0.32794540127118427,0.1801554411649704,0.04581927632292112,0.06451243658860524,0.09286984552939732,0.08831573029359181,0.1025301565726598,0.06206508229176203,0.039607564297815166,0.026566525921225548,0.022816433260838192,0.04096748183170954,0.05250153690576553,0.9574806690216064,0.18856165061394373,0.200289656718572
1992Q2,86.22428639729817,80.07636260986328,0.7324616511662801,0.14142676442861557,0.1811020572980245,0.1738209923108419,0.13209818551937738,0.09148874630530675,0.03774149032930533,0.051880077769358955,0.07339192926883698,0.07844934550424416,0.06963712597886722,0.05540259927511215,0.015063212253153324,0.01522061616803209,0.05908252423008283,0.0752834603190422,0.8648371696472168,0.16986245413621268,0.18065765996774039
1992Q3,77.1505610148112,71.22094217936198,0.5076353549957275,0.1305168941617012,0.05866479128599167,0.17154481510321298,0.10355009883642197,0.02820965399344762,0.015317955985665321,0.05125295122464498,0.08159325396021207,0.08799735580881436,0.05095734198888143,0.05111426115036011,0.014044427623351416,0.0153058593471845,0.024262644350528717,0.02172768395394087,0.5627764264742533,0.17506972452004751,0.051585447043180466
1992Q4,80.87091318766277,74.6903305053711,0.53284619251887,0.1441067854563395,0.07906928037603696,0.20886499186356863,0.11212414999802907,0.03382821877797445,0.022703605083127815,0.05193541447321574,0.12614098687966666,0.08961333831151326,0.05329179267088572,0.06036791950464249,0.0312032881192863,0.01280186433965961,0.02834341675043106,0.04497376394768556,0.5815400381882986,0.17142449567715326,0.09675887475411098
1993Q1,104.5425287882487,89.24343617757161,0.7769716580708822,0.17323751002550125,0.13860750943422318,0.191508616010348,0.158579021692276,0.022894431216021378,0.03950758402546247,0.04053559030095736,0.11156113694111507,0.15397409598032633,0.04395453631877899,0.035473703096310295,0.01787642886241277,0.014687935821712017,0.015650543694694836,0.048524356757601105,0.8212398091952006,0.1976586952805519,0.15450085451205572
1993Q2,109.21555582682292,91.80670928955078,1.0444174408912659,0.21960713962713876,0.14956248303254446,0.24030572672684988,0.15407679478327432,0.03448247164487839,0.02183267039557298,0.05745401978492737,0.09546473373969395,0.1150790477792422,0.05637310196955999,0.05411498745282491,0.028744015221794445,0.017243630563219387,0.014955815548698107,0.042440960804621376,1.1425915956497192,0.2301443268855413,0.17428267250458399
1993Q3,103.24041493733723,88.1769282023112,0.7104294796784719,0.10897330194711685,0.11749036113421123,0.27528752386569977,0.13741792738437653,0.02875078407426675,0.019154232926666737,0.08946887155373891,0.10195925583442052,0.12806973606348038,0.035350656136870384,0.024095615682502586,0.022649394969145458,0.02621232531964779,0.026140771185358364,0.022767388882736366,0.7755895356337229,0.11139879127343495,0.09893046443661054
1993Q4,89.73262786865234,77.27035776774089,0.6206802725791931,0.08901769543687503,0.14080728342135748,0.26667016247908276,0.1040666935344537,0.02313332896058758,0.03408250771462917,0.0840291865170002,0.11132774750391643,0.1137596641977628,0.06806522359450658,0.05145644582808018,0.021486778743565083,0.0165266920812428,0.016983598470687866,0.02221129710475604,0.6769209305445353,0.08444699148337047,0.1800756404797236
1994Q1,98.06869252522786,90.21823120117188,0.7883809208869934,0.08746657272179921,0.205327570438385,0.24650363127390543,0.2201440135637919,0.026396242591241997,0.02193072314063708,0.24925724665323892,0.14327057699362436,0.07286777223149936,0.07036051278313,0.06166781485080719,0.016326420319577057,0.029812593013048172,0.011481536397089561,0.031109224384029705,0.8933788935343424,0.08734902863701184,0.26081792016824085
1994Q2,106.72533416748047,97.44867197672527,0.7116949756940206,0.13401908675829569,0.10839637368917465,0.3968593974908193,0.13653498391310373,0.052018135165174804,0.045213562125960984,0.1089711661140124,0.17030615359544754,0.11558683464924495,0.061528613169988,0.0225995226452748,0.028474157055219013,0.03403302965064844,0.015984406384329002,0.030713313569625218,0.7693542639414469,0.1578818013270696,0.10968983421723048
1994Q3,98.92191569010417,84.7552007039388,0.7517873446146647,0.1010403260588646,0.07312381267547607,0.20204377174377441,0.12265720466772716,0.0568662037452062,0.15441485991080603,0.1170235127210617,0.07643533498048782,0.07071697215239207,0.03891968416670958,0.015193801373243332,0.02194414505114158,0.029984678452213604,0.02179942869891723,0.034699280435840286,0.7868830362955729,0.09359123806158702,0.05022790469229221
1994Q4,92.4769795735677,82.11136118570964,0.8623288869857788,0.12180172652006149,0.09101419399182002,0.2194044589996338,0.14512968560059866,0.04088949287931124,0.035384586080908775,0.11668768028418224,0.07279064133763313,0.10561142861843109,0.05695260440309843,0.09143649786710739,0.06124061935891708,0.028799279282490414,0.036642553905646004,0.02638659595201413,0.8967974384625753,0.09612601871291797,0.10765775976081689
1995Q1,79.75815073649089,71.01832326253255,0.7105744282404581,0.10795364777247111,0.03862075383464495,0.1711333990097046,0.12518942852814993,0.05169039871543646,0.06319160262743632,0.17761522779862085,0.038260369251171746,0.12276751051346461,0.052584161361058555,0.047772022585074105,0.025749873990813892,0.01754148273418347,0.04473882044355074,0.03721091151237488,0.8396791219711304,0.09400460248192151,0.045227209106087685
1995Q2,97.2137222290039,88.42836507161458,0.8295725186665853,0.13477387775977454,0.06850952034195264,0.23105143010616302,0.15049474189678827,0.020824387048681576,0.046432274083296456,0.09915294498205185,0.0745189016064008,0.10159619400898616,0.05856697882215182,0.04032636930545171,0.039102528554697834,0.04775263679524263,0.06852906694014867,0.02693076990544796,0.8945497473080953,0.1477168376247088,0.059370155135790505
1995Q3,95.2617899576823,82.00011698404948,0.6441585222880045,0.0983888531724612,0.09091600496321917,0.21032700935999551,0.20427324374516806,0.014118042774498463,0.016796765538553398,0.06808179368575414,0.04527826296786467,0.07076854755481084,0.05260229855775833,0.03475917627414068,0.015500983533759912,0.029844355924675863,0.019370857315758865,0.023353395828356344,0.6589648127555847,0.07251322145263354,0.11411229396859805
1995Q4,69.91568501790364,58.908400217692055,0.39493486285209656,0.04918540269136429,0.011664587073028088,0.14883511265118918,0.11606845011313756,0.01217418039838473,0.0155729033673803,0.07269047200679779,0.08893314624826114,0.08416853845119476,0.04038095225890478,0.04630673180023829,0.03099099670847257,0.02811232302337885,0.02228652996321519,0.011856475844979286,0.44051692883173627,0.06113879196345806,0.013253199557463327
1996Q1,79.40115356445312,67.73114267985027,0.5912352303663889,0.13974450528621674,0.03189169615507126,0.33209120233853656,0.13918979465961456,0.00894424218373994,0.015372669013837973,0.0715659645696481,0.032157446878651776,0.1260195535918077,0.05228068307042122,0.03315069774786631,0.03571682019780079,0.015390166857590279,0.030607542643944424,0.025430460460484028,0.6732449730237325,0.14300651103258133,0.03693908701340357
1996Q2,73.1493428548177,57.6081428527832,0.548072894414266,0.09873269746700923,0.03949102200567722,0.315238078435262,0.18062894543011984,0.01988643842438857,0.020949885559578735,0.0502488799393177,0.036887338384985924,0.13335613161325455,0.033797803024450936,0.018673318748672802,0.024373480429251988,0.02403247697899739,0.019441024710734684,0.018332315608859062,0.5669429302215576,0.07316505908966064,0.05042942768583695
1996Q3,83.50964609781902,69.18938446044922,0.5443438092867533,0.22159438828627268,0.015671186459561188,0.20375811060269675,0.19148090481758118,0.017798411039014656,0.02116074102620284,0.13747365027666092,0.06653362885117531,0.139574925104777,0.024894710319737594,0.018978490494191647,0.060834104816118874,0.021027309975276392,0.035602095847328506,0.039806793754299484,0.557620108127594,0.19058140243093172,0.0169829906274875
1996Q4,62.63802591959635,51.12350209554037,0.34595365325609845,0.0939142219722271,0.030455321073532104,0.17336625854174295,0.11167801668246587,0.025884535784522694,0.026356395954887073,0.06801167875528336,0.06423933307329814,0.0697168471912543,0.08082198848327,0.05206149071455002,0.03650717809796333,0.026838749026258785,0.04612358255932728,0.038391935328642525,0.3526010413964589,0.0857268621524175,0.040852565318346024
1997Q1,54.367478688557945,42.780375162760414,0.33652886748313904,0.09134868780771892,0.04563633476694425,0.16449164599180222,0.07901089141766231,0.015244842817385992,0.011873234839489063,0.07305278877417247,0.0828435222307841,0.07398191342751186,0.08991557111342748,0.07582669580976169,0.033736436938246094,0.018092178739607334,0.019415282023449738,0.03393661913772424,0.335614413022995,0.07885398467381795,0.048070769757032394
1997Q2,51.822041829427086,40.1973934173584,0.2880824903647105,0.09872379899024963,0.030858163721859455,0.21891449391841888,0.06119214122494062,0.024572804880638916,0.02122899649354319,0.04668592972060045,0.09319540485739708,0.05493497165540854,0.06523653616507848,0.04301757117112478,0.038994387413064636,0.013466893695294857,0.012251122388988733,0.030185769001642864,0.29873261352380115,0.06837931647896767,0.02615426853299141
1997Q3,46.32327016194662,34.03568458557129,0.2344383696715037,0.05297198270757993,0.013463178727154931,0.15886292854944864,0.05616368477543195,0.020387439678112667,0.011283539235591888,0.04936720555027326,0.05081053450703621,0.08256736894448598,0.040531959384679794,0.021401499398052692,0.03957646774748961,0.04148745226363341,0.01572312507778406,0.04294542223215103,0.24797978003819784,0.041966602206230164,0.022576675439874332
1997Q4,51.145982106526695,41.67900594075521,0.5056806405385336,0.08774415403604507,0.018354143016040325,0.288801650206248,0.09126464277505875,0.03717920556664467,0.04070287384092808,0.06343087678154309,0.04973505437374115,0.1597952346007029,0.03108907180527846,0.016894858951369923,0.03093746428688367,0.048013765985767044,0.009465885814279318,0.01936229784041643,0.5718165536721548,0.06833800797661145,0.02082383135954539
1998Q1,62.6473274230957,46.96532185872396,0.5477055609226227,0.14019749561945596,0.020107249729335308,0.24003452062606812,0.11963993062575658,0.03554520010948181,0.02337350385884444,0.0562449482580026,0.04158196598291397,0.10392605513334274,0.03598588208357493,0.01933017031600078,0.04933082809050878,0.03467206719021002,0.013293403821686903,0.0336004967490832,0.5220535695552826,0.10603678474823634,0.025004515424370766
1998Q2,73.92638142903645,53.973700205485024,0.6000726620356241,0.08406226088603337,0.023203374197085697,0.49942707022031146,0.6073143457372984,0.049602972343564034,0.036897219717502594,0.06220786397655805,0.0741104216625293,0.05576930691798528,0.03404613211750984,0.027613606303930283,0.09887199910978477,0.04228951269760728,0.0236421306617558,0.03231562705089649,0.6597373286883036,0.08441403384009998,0.010985471618672213
1998Q3,71.19423929850261,57.35891342163086,0.4942102829615275,0.08799826229612033,0.0130768360880514,0.25810513893763226,0.26862679918607074,0.03854189068078995,0.02840606775134802,0.06442544609308243,0.13739885638157526,0.1343344288567702,0.0191809069365263,0.008981870176891485,0.07215190182129542,0.04149432356158892,0.04160933041324218,0.042428093031048775,0.49673545360565186,0.11759432032704353,0.01697793820252021
1998Q4,66.10982259114583,48.870243072509766,0.5066509743531545,0.10300042976935704,0.014139578056832155,0.2522604962189992,0.16625281671682993,0.03802477878828844,0.04353942101200422,0.0523927795390288,0.07995544125636418,0.12385861327250798,0.024849139153957367,0.016645504161715508,0.046275557950139046,0.04804046141604582,0.022172346400717895,0.022286258327464264,0.5050764779249827,0.09903896600008011,0.018602638815840084
1999Q1,68.56696192423503,53.715108235677086,0.6100965638955435,0.17226563394069672,0.023774176215132076,0.2968522608280182,0.12152348707119624,0.04642528295516968,0.026502171531319618,0.08572874963283539,0.05355309695005417,0.07660836726427078,0.03762564373513063,0.03766772026817004,0.034427049259344734,0.019385614432394505,0.02182968147099018,0.013460871297866106,0.7351656158765157,0.20719568183024725,0.03548627036313216
1999Q2,90.34989674886067,73.66382853190105,0.8389614224433899,0.14542544384797415,0.04608480508128802,0.5629030466079712,0.2110943744579951,0.016448293269301455,0.014274618588387966,0.07443544268608093,0.043870621671279274,0.04083586111664772,0.05434245243668556,0.12602209175626436,0.04918525616327921,0.014314250710109869,0.01937707606703043,0.014287755824625492,0.8689379493395487,0.16237072894970575,0.05129431188106537
1999Q3,64.86100896199544,47.835453033447266,0.5075900753339132,0.10473999877770741,0.029743830983837444,0.32714272538820904,0.21328596770763397,0.027716755867004395,0.029783645644783974,0.06404503683249156,0.055509548634290695,0.06697428474823634,0.02233743481338024,0.02124875628699859,0.21158352742592493,0.033759364392608404,0.04556986130774021,0.044591049974163376,0.5144868095715841,0.1009087935090065,0.03074064664542675
1999Q4,72.13409678141277,57.35684458414713,0.8201990524927775,0.13152921944856644,0.03697233274579048,0.36782027284304303,0.2537443935871124,0.024308675279219944,0.02017336307714383,0.07447442164023717,0.09256041049957275,0.07111624876658122,0.03566909457246462,0.029803684602181118,0.0996206005414327,0.040155245612064995,0.02537709381431341,0.02255535963922739,0.8755596876144409,0.13906371966004372,0.040344785898923874
2000Q1,59.36717224121094,48.936266581217446,0.5386218726634979,0.042208489030599594,0.019512322110434372,0.2508782645066579,0.2018284648656845,0.02447115195294221,0.011891015650083622,0.04909133786956469,0.07515935848156612,0.05123814195394516,0.01750157804538806,0.017699950374662876,0.06416517123579979,0.01842645773043235,0.01737798098474741,0.027703820106883843,0.6146088143189748,0.04909151171644529,0.029331960404912632
2000Q2,64.29447937011719,49.95687357584635,0.474987934033076,0.024095230425397556,0.0242069810628891,0.2829127212365468,0.2546245927611987,0.028038729603091877,0.020126213630040485,0.11281602084636688,0.1115681529045105,0.034030163660645485,0.020456258207559586,0.01080627266007165,0.03763841278851032,0.07409377271930377,0.10796188314755757,0.012558114404479662,0.579897423585256,0.021856252724925678,0.038357035567363106
2000Q3,50.36209233601888,38.94892501831055,0.3701200683911641,0.032806639249126114,0.009711587180693945,0.26710611085096997,0.19977367917696634,0.027922034884492557,0.023091950143376987,0.0674157552421093,0.0768055332203706,0.03330972045660019,0.01168537512421608,0.007733145883927743,0.055901692559321724,0.07553608094652493,0.09472722187638283,0.02809645018229882,0.4220924377441406,0.03620683184514443,0.010345615446567535
2000Q4,55.637396494547524,44.58749643961588,0.35293922821680707,0.09110674758752187,0.01846967078745365,0.17291956643263498,0.1281533489624659,0.021839799359440804,0.018346646490196388,0.05391369635860125,0.04637180641293526,0.23857943713665009,0.017906673873464268,0.02052289495865504,0.03919898842771848,0.03555361243585745,0.021635451043645542,0.012428184039890766,0.3757021427154541,0.10634274035692215,0.014923408006628355
2001Q1,54.565406799316406,37.82422002156576,0.39051954944928485,0.10213872666160266,0.035642183696230255,0.27591458956400555,0.14089388897021612,0.028005878751476605,0.017426957997183006,0.06742523113886516,0.03384889103472233,0.11313692231973012,0.02351269591599703,0.006966364880402883,0.037256948029001556,0.017619524151086807,0.01565377103785674,0.021442650506893795,0.41388357679049176,0.10174490387241046,0.04755218078692754
2001Q2,61.00331242879232,45.66742960611979,0.4132697681585948,0.07093376480042934,0.02357858419418335,0.3400030831495921,0.11171168585618337,0.02758127513031165,0.012934451767553886,0.044411533822615944,0.03132690799733003,0.10022017111380895,0.04436335153877735,0.050691480127473675,0.029522819444537163,0.03944455273449421,0.07899598528941472,0.011743432842195034,0.4590173165003459,0.07812522010256846,0.04627029597759247
2001Q3,207.94285456339517,129.63718795776367,0.8483774761358897,0.1559993475675583,0.027767034247517586,0.4330226828654607,0.40886248896519345,0.08480148203670979,0.05569583736360073,0.1962308349708716,0.08371951803565025,0.27640344575047493,0.049784282222390175,0.029786743223667145,0.10039514675736427,0.054438055492937565,0.0790240050603946,0.04429311600203315,0.7863513628641764,0.11884678651889165,0.030795759210983913
2001Q4,351.80511983235675,232.7119140625,1.3653133511543274,0.28679052988688153,0.054876609394947685,0.46970334649086,0.7520303726196289,0.10567619403203328,0.09902061522006989,0.25198839604854584,0.11439508199691772,0.4006401499112447,0.07485200588901837,0.041240643709897995,0.18612576772769293,0.1297101117670536,0.14960040400425592,0.06600952396790187,1.1865963737169902,0.2367749661207199,0.05495796725153923
2002Q1,156.8797607421875,116.62197367350261,0.5277216633160909,0.13995535671710968,0.018046976998448372,0.3327784240245819,0.4470326652129491,0.06479602679610252,0.09783727427323659,0.1578484202424685,0.08656841764847438,0.19557536641756693,0.028216871122519176,0.011109468216697374,0.07985322177410126,0.05189731530845165,0.14639435708522797,0.03864032837251822,0.5358388324578603,0.10860837499300639,0.017026598875721295
2002Q2,156.7164306640625,113.52572631835938,0.6992610494295756,0.09946464250485103,0.013224012839297453,0.22355756163597107,0.599773958325386,0.03551539530356725,0.04157796253760656,0.09438837071259816,0.07226873685916264,0.2766892711321513,0.027270532834033172,0.01713696712007125,0.05463244952261448,0.05488983914256096,0.08115112036466599,0.027234332635998726,0.6318914691607157,0.07340732092658679,0.010037607047706842
2002Q3,141.58206431070963,96.7751235961914,0.6565978427728018,0.18341396749019623,0.03636642483373483,0.31511519849300385,0.280957634250323,0.052409435932834945,0.04291555657982826,0.12275342643260956,0.1138371874888738,0.2073188175757726,0.047755071272452675,0.014679046658178171,0.0563720278441906,0.054482766737540565,0.07269137228528659,0.05240621666113535,0.582585334777832,0.14969232181708017,0.03365617121259371
2002Q4,168.99041239420572,117.55907185872395,1.022704541683197,0.23981058100859323,0.038589137295881905,0.480010986328125,0.25963057577610016,0.06633980696400006,0.04465794314940771,0.19414600481589636,0.07055494313438733,0.19666455189387003,0.059972050289312996,0.036699739595254265,0.30443763732910156,0.13486311584711075,0.13761747628450394,0.07663146903117497,0.9051967064539591,0.21542094151178995,0.04848678161700567
2003Q1,268.2522379557292,174.03201802571616,1.3950525522232056,0.7524761060873667,0.03376798704266548,0.856590747833252,0.2861824482679367,0.07412080342570941,0.0609634667634964,0.3315096894900004,0.10131628563006718,0.33748841285705566,0.07265928015112877,0.051638091603914894,0.14236284047365189,0.08685863763093948,0.12338920185963313,0.07147714371482532,1.2107900381088257,0.5594283839066824,0.034723276272416115
2003Q2,187.88892618815103,155.861935933431,0.8959197203318278,0.3220619906981786,0.03429366089403629,0.6021371384461721,0.24448113640149435,0.06051243096590042,0.04194812228282293,0.13799965629975,0.07098204021652539,0.28855188687642414,0.09462723384300868,0.01939161339153846,0.123740387459596,0.07253194103638332,0.0891519399980704,0.07780469519396623,0.8968687852223715,0.32473503053188324,0.03309303460021814
2003Q3,130.4420394897461,111.64215087890625,0.5046978294849396,0.15665315091609955,0.01845652936026454,0.3625671863555908,0.2892479697863261,0.05285502225160599,0.03821057453751564,0.10193393379449844,0.08054549992084503,0.08830298980077107,0.05539350211620331,0.020320724075039227,0.12416089077790578,0.051972927525639534,0.07136544957756996,0.0577165794869264,0.5309950212637583,0.1493591790397962,0.019821062063177425
2003Q4,118.62304941813152,99.76060485839844,0.4811241328716278,0.3115548938512802,0.02867075800895691,0.36805306871732074,0.21908104419708252,0.04271587232748667,0.022171024543543656,0.12751329938570657,0.03484120344122251,0.16191181540489197,0.06374197453260422,0.007770303792009751,0.0999054176112016,0.03512488926450411,0.05799402544895808,0.09981112678845723,0.41440757115681964,0.25956832865873974,0.02836084986726443
2004Q1,122.35854593912761,100.62757619222005,0.4158739546934764,0.168393075466156,0.028770004399120808,0.35844722390174866,0.27633607884248096,0.06644548724095027,0.028605005393425625,0.1720028817653656,0.05111249287923177,0.1249367247025172,0.07510009283820789,0.005867407036324342,0.07420417666435242,0.06632417688767116,0.043092467511693634,0.04828581710656484,0.395956148703893,0.12941290438175201,0.0218882638340195
2004Q2,135.9854990641276,117.32550557454427,0.43966375788052875,0.22903129210074744,0.03967759292572737,0.4371139109134674,0.20574389894803366,0.061306893825531006,0.01481579647709926,0.09987292687098186,0.056276688973108925,0.17977307736873627,0.09600381801525752,0.014828039643665155,0.10799671212832133,0.05745860437552134,0.04659921738008658,0.05346489573518435,0.48044446110725403,0.2291236569484075,0.049106537674864136
2004Q3,141.75243123372397,125.12010955810547,0.6340120633443197,0.18788162370522818,0.03116891657312711,0.33227307597796124,0.227924312154452,0.05526882285873095,0.022065081323186558,0.13068409264087677,0.06750162069996198,0.2230681131283442,0.042194573829571404,0.012062756344676018,0.09131265804171562,0.04227650289734205,0.11962719385822614,0.036220050106445946,0.5994620124499003,0.21502062678337097,0.02923157314459483
2004Q4,117.48846944173177,99.73901112874348,0.4563337465127309,0.15797356267770132,0.10148128991325696,0.3683066467444102,0.17948997765779495,0.06718888382116954,0.020394272170960903,0.11068888008594513,0.07978933056195577,0.1815334508816401,0.07439448063572247,0.018744757554183405,0.09466547518968582,0.040624940767884254,0.043408300106724106,0.07345466564098994,0.5099564989407858,0.16962812840938568,0.11044802702963352
2005Q1,100.09201304117839,81.3198979695638,0.4486433764298757,0.09029774491985638,0.09867519636948903,0.536549299955368,0.2069839040438334,0.05267280898988247,0.018796184721092384,0.09057624886433284,0.0411788330723842,0.20199080308278403,0.05737142016490301,0.01504489779472351,0.11729010939598083,0.025419541945060093,0.044329279412825905,0.08477552359302838,0.43933523694674176,0.08541748548547427,0.10676071047782898
2005Q2,88.78747304280598,76.51428476969402,0.32622308532396954,0.11951872458060582,0.044639959931373596,0.3886943459510803,0.19360808531443277,0.043738022446632385,0.017928294837474823,0.08046704903244972,0.048514691491921745,0.08958521982034047,0.04965381075938543,0.009880223389094075,0.05370764806866646,0.018937269536157448,0.03376292561491331,0.04473118484020233,0.36109626293182373,0.09317549442251523,0.019535367997984093
2005Q3,128.64574686686197,99.20125071207683,0.4851298928260803,0.17379020154476166,0.02839432160059611,0.5392892758051554,0.279973437388738,0.10838742802540462,0.02036815881729126,0.12707808117071787,0.06016672154267629,0.23508214950561523,0.03373698641856512,0.006034963143368562,0.06652698044975598,0.030728192379077274,0.041228329141934715,0.04871959239244461,0.5112155278523763,0.17568842073281607,0.03722977079451084
2005Q4,88.63072458902995,77.11648305257161,0.32983442147572833,0.05934252714117368,0.05075136572122574,0.28355664014816284,0.17333067456881204,0.04073864407837391,0.024246774303416412,0.051067898670832314,0.03184674742321173,0.14363517612218857,0.03025375058253606,0.007954104337841272,0.10947754730780919,0.03980085191627344,0.018234880951543648,0.04409842689832052,0.3750338355700175,0.05474331105748812,0.050380454088250794
2006Q1,94.38861083984375,79.70945231119792,0.5993122259775797,0.07153694083293279,0.06565398971239726,0.5433909893035889,0.2949240207672119,0.041270999858776726,0.019150910743822653,0.0679207295179367,0.04685685783624649,0.13752552370230356,0.036387581999103226,0.01019136980175972,0.05903450151284536,0.020922360010445118,0.02243721050520738,0.036387581999103226,0.612929105758667,0.0675757812956969,0.062228759129842125
2006Q2,92.26578267415364,77.6250508626302,0.5440820256868998,0.10470061997572581,0.04672828254600366,0.5495237509409586,0.20182640353838602,0.06174501155813535,0.012413471238687634,0.09765663494666417,0.04351461368302504,0.15470021466414133,0.028433335945010185,0.013168244312206904,0.05662601441144943,0.02030201256275177,0.01335630752146244,0.024264876420299213,0.561643123626709,0.10655342787504196,0.04305608430877328
2006Q3,131.98006693522134,104.24468994140625,0.6502813299496969,0.16900937259197235,0.029541786139210064,0.5687095324198405,0.26974936823050183,0.04924723505973816,0.030339789887269337,0.13912695149580637,0.04064546898007393,0.2479134500026703,0.05726860339442889,0.013421954587101936,0.08653480932116508,0.06779020527998607,0.02616876612106959,0.06616591041286786,0.6740565299987793,0.13861198723316193,0.03161828468243281
2006Q4,97.50692749023438,82.52645874023438,0.5814287463823954,0.08813263848423958,0.03624526597559452,0.6424780686696371,0.2414743701616923,0.04096391859153906,0.020186043810099363,0.10136406868696213,0.05416471635301908,0.16900860766569772,0.03270048834383488,0.016411795901755493,0.053617545713980995,0.019408312626183033,0.019539456193645794,0.046147494266430535,0.5648804008960724,0.08145406593879063,0.028050247269372146
2007Q1,93.80863444010417,85.82724253336589,0.43718044956525165,0.0926130289832751,0.021587671091159184,0.42458902796109516,0.1680093159278234,0.037745460867881775,0.01745988925298055,0.08885363737742107,0.05919626479347547,0.13603098690509796,0.05321266129612923,0.010107451739410559,0.05542182425657908,0.02784500519434611,0.03531821599851052,0.038825541734695435,0.4971476395924886,0.09570616235335667,0.018781892023980618
2007Q2,89.06175994873047,84.72357940673828,0.38749100764592487,0.13561058044433594,0.023475776116053265,0.34711448351542157,0.16435958445072174,0.0277421319236358,0.025680188710490864,0.08540642509857814,0.05552080521980921,0.16245386997858682,0.1085962454477946,0.012801166313389937,0.03852636367082596,0.020231129912038643,0.020256020439167816,0.027788730338215828,0.4183938105901082,0.1432253768046697,0.023068796532849472
2007Q3,96.66944122314453,84.9517110188802,0.4161093731721242,0.13262581328550974,0.018098382589717705,0.41015323996543884,0.24027276039123535,0.029768576224644978,0.018086841329932213,0.09460709989070892,0.03279362370570501,0.12654520322879156,0.046902587016423546,0.005316627522309621,0.04234788566827774,0.024455664679408073,0.027641103292504948,0.03576713179548582,0.4186851183573405,0.14650844285885492,0.01098273228853941
2007Q4,95.41198476155598,83.97334798177083,0.5471804340680441,0.30844361583391827,0.0325137743105491,0.5047722856203715,0.23337522645791373,0.04886476323008537,0.020891264081001282,0.05681480715672175,0.044453767438729606,0.09403807918230693,0.08060099681218465,0.015007176126043001,0.03941133370002111,0.020584043736259144,0.023878441502650578,0.075206208974123,0.4835459291934967,0.29534490406513214,0.024892063190539677
2008Q1,79.9624760945638,75.96276601155598,0.3196628987789154,0.1317978414396445,0.029316895951827366,0.32722266515096027,0.1678145428498586,0.045663257439931236,0.03443654874960581,0.06254916762312253,0.05649677167336146,0.16987309356530508,0.04389017696181933,0.0010380012293656666,0.061675142496824265,0.013507950585335493,0.014661086723208427,0.025053274507323902,0.3431481023629506,0.14470776294668516,0.03853904580076536
2008Q2,77.34234364827473,68.02066294352214,0.31768184900283813,0.08115921169519424,0.03251001890748739,0.354427307844162,0.18042079359292984,0.03478614302972952,0.015796908798317116,0.07150614509979884,0.0910780740280946,0.15807676066954932,0.0369797640790542,0.0063529709198822575,0.04075904128452142,0.019160271467020113,0.018085571005940437,0.06125784292817116,0.3187579909960429,0.10387673725684483,0.030050923426946003
2008Q3,88.9454116821289,77.3810551961263,0.8308967153231303,0.16746502617994943,0.1615250160296758,0.40340596437454224,0.2737012306849162,0.05371569966276487,0.021918870819111664,0.07892330487569173,0.08570720752080281,0.060428415735562645,0.13461177547772726,0.016633728751912713,0.029670531551043194,0.026333749915162723,0.030867131426930428,0.048341588427623115,0.8130459785461426,0.11909054840604465,0.11893765876690547
2008Q4,78.53573354085286,63.40691884358724,0.42295313874880475,0.10501492271820705,0.06437518695990245,0.3138151864210765,0.5335653871297836,0.03632606752216816,0.011879439155260721,0.06959147875507672,0.03812225411335627,0.13095367203156152,0.07861502220233281,0.019487008452415466,0.03380858339369297,0.027072481500605743,0.012569052167236805,0.0923388401667277,0.4646388689676921,0.10575853536526363,0.057826527704795204
2009Q1,75.1555913289388,60.37880071004232,0.3351125319798787,0.10464123139778773,0.037501840541760124,0.2690875877936681,0.2683674395084381,0.018970608711242676,0.012133127233634392,0.07676203052202861,0.029365296786030132,0.33856556316216785,0.0796523205935955,0.010390012214581171,0.05201610798637072,0.01299401776244243,0.008076964256664118,0.017504424322396517,0.34348346789677936,0.0885310247540474,0.04087203120191892
2009Q2,85.49298350016277,72.75728861490886,0.5004244844118754,0.08127146462599437,0.0364496565113465,0.4636732240517934,0.3217164824406306,0.03941100866844257,0.017140975532432396,0.10555142412583034,0.031611195454994835,0.14077559113502502,0.05501901234189669,0.012327473144978285,0.029177850112318993,0.014585805435975393,0.02342653584976991,0.05691483989357948,0.52393838763237,0.08180404454469681,0.0290244755645593
2009Q3,83.2171630859375,67.99281819661458,0.603803962469101,0.08232651402552922,0.046250282476345696,0.46148064732551575,0.18407304088274637,0.035964999347925186,0.03994228815038999,0.09852107365926106,0.047009496639172234,0.09003744026025136,0.10055849266548951,0.0091468821434925,0.06722060218453407,0.03863563450674216,0.024307008211811382,0.06349600292742252,0.58858922123909,0.06173035378257433,0.05136811484893163
2009Q4,88.54169209798177,77.19765726725261,0.5014314850171407,0.08913715432087581,0.026237069629132748,0.3887889285882314,0.27893910308678943,0.07218678792317708,0.016317795341213543,0.07760123163461685,0.04361467187603315,0.12131584932406743,0.049706886212031044,0.008693810474748412,0.03544299677014351,0.016543719296654064,0.0293306652456522,0.0408770814538002,0.6100049614906311,0.10212983191013336,0.02807084657251835
2010Q1,82.14110819498698,69.43128077189128,0.43858422835667926,0.13439187159140906,0.03571721725165844,0.41749101877212524,0.1956850290298462,0.07325902953743935,0.031401616210738816,0.07168476780255635,0.030041931197047234,0.11374699076016744,0.021179572368661564,0.004607638188948234,0.0364291537553072,0.011844622902572155,0.010649622417986393,0.05508806680639585,0.5160969992478689,0.1540164276957512,0.03762405210485061
2010Q2,91.39132944742839,84.67579142252605,0.6264926791191101,0.39205407599608105,0.04459970320264498,0.5273872713247935,0.23975349962711334,0.16431147853533426,0.018617969937622547,0.1733447661002477,0.06309842069943745,0.20410575966040292,0.06606388340393703,0.005754415178671479,0.025469979892174404,0.03136227155725161,0.012774740811437368,0.11107501449684302,0.6773064732551575,0.456569825609525,0.05941882015516361
2010Q3,77.18126424153645,67.97942733764648,0.33070041735967,0.1606543908516566,0.014225967694073915,0.29410382111867267,0.2342241903146108,0.051597182949384056,0.02149704626450936,0.1246921569108963,0.043311851720015206,0.12610253194967905,0.02642409224063158,0.009536828069637219,0.02924484635392825,0.0122779772306482,0.03566113129879037,0.03260288325448831,0.46410083770751953,0.22232907017072043,0.01940918465455373
2010Q4,85.96700032552083,73.26916376749675,0.5161778330802917,0.14633984615405402,0.03456199479599794,0.49760110179583233,0.22493229309717813,0.05225366726517677,0.011723121317724386,0.10915636519591014,0.0704094177732865,0.09882995362083118,0.039100811506311096,0.012424702911327282,0.04136042886724075,0.010627134703099728,0.010464262217283249,0.05055884582300981,0.6382931421200434,0.17795846362908682,0.03512125927954912
2011Q1,102.10813649495442,79.74956766764323,0.5128844181696574,0.2551811635494232,0.027026476338505745,0.4648185074329376,0.1816559980312983,0.07121479138731956,0.016736590924362343,0.0861034815510114,0.040958771482110023,0.712761769692103,0.01755259931087494,0.007210372947156429,0.028954297304153442,0.019495535952349503,0.012673188388968507,0.026107387617230415,0.48076438903808594,0.23704769710699716,0.03479379415512085
2011Q2,93.58484395345052,81.38692474365234,0.2544904847939809,0.24874439338843027,0.015542220324277878,0.27969491978486377,0.17317875971396765,0.039452885588010154,0.019135174651940662,0.07530493785937627,0.09315187484025955,0.40928493936856586,0.025148767822732527,0.004775597093005975,0.03581926661233107,0.010774074665581187,0.0167170912027359,0.03466983760396639,0.27470166981220245,0.2551722973585129,0.015625687626500923
2011Q3,83.07559204101562,70.8024673461914,0.3130082090695699,0.34848861893018085,0.01483795807386438,0.2831617494424184,0.16424129903316498,0.05351178844769796,0.006074682343751192,0.05849012856682142,0.06703536212444305,0.2769267608722051,0.02277732330063979,0.0024781528239448867,0.02919520748158296,0.015655108106633026,0.023251196679969627,0.024213450650374096,0.34339384237925213,0.427028884490331,0.003917420903841655
2011Q4,81.61297861735027,70.94562276204427,0.4627886712551117,0.3424596389134725,0.014595030806958675,0.5047990381717682,0.17215859393278757,0.052045787374178566,0.02205847871179382,0.10842036083340645,0.051140207797288895,0.30877983073393506,0.029369040081898373,0.009784543265899023,0.04303362344702085,0.011946798457453648,0.02901108128329118,0.03362717851996422,0.514046976963679,0.38401079177856445,0.01174322081108888
2012Q1,86.94692484537761,73.27138264973958,0.6706799964110056,0.30823609232902527,0.022069495016088087,0.6679979562759399,0.21458101769288382,0.037237176671624184,0.027262631803750992,0.056432624657948814,0.05580078810453415,0.25538602471351624,0.02881506426880757,0.012121526834865412,0.022733263671398163,0.02938953290383021,0.014926922041922808,0.09529911478360494,0.7891672054926554,0.37702612082163495,0.02718678240974744
2012Q2,84.00342559814453,70.30607223510742,0.6493707696596781,0.40729188919067383,0.008636077710737785,0.5866357982158661,0.17639175802469254,0.03360012794534365,0.012430424025903145,0.08067675928274791,0.041170937940478325,0.18393796930710474,0.03950712954004606,0.004920158302411437,0.026271491932372253,0.025145681264499824,0.02976312239964803,0.038677141070365906,0.7420828143755595,0.5252566238244375,0.008038697143395742
2012Q3,75.65562947591145,65.84725952148438,0.49349433183670044,0.4449607531229655,0.00993102602660656,0.3860745131969452,0.15808319052060446,0.018830131118496258,0.01773241177822153,0.0763106569647789,0.04373669748504957,0.2609762102365494,0.022690960206091404,0.0063180130285521345,0.020949687187870342,0.023802608562012512,0.03020658778647582,0.03635266795754433,0.5635829965273539,0.5299667616685232,0.01532043144106865
2012Q4,79.29495493570964,67.44240061442058,0.3946404755115509,0.37040196855862934,0.0176363088345776,0.31795358657836914,0.0967349261045456,0.023509953481455643,0.01714961603283882,0.05922241136431694,0.040212963397304215,0.3557421962420146,0.01684757275506854,0.013076031037295857,0.015296959939102331,0.020697854769726593,0.041395709539453186,0.026217575495441754,0.4346633454163869,0.42135484019915265,0.022299656334022682
2013Q1,82.71484883626302,66.32465362548828,0.4020667274792989,0.2364349663257599,0.01137879490852356,0.40611634651819867,0.1080283597111702,0.019837452409168083,0.023609558896472056,0.07332753390073776,0.052852549900611244,0.20190516610940298,0.01812048877278964,0.0060334885492920876,0.012169494448850552,0.02707411472996076,0.035347759102781616,0.028759842738509178,0.5355366369088491,0.32687591512997943,0.004068513711293538
2013Q2,87.2660649617513,73.73990631103516,0.560813844203949,0.25722669561704,0.008879079793890318,0.44553964336713153,0.12887689719597498,0.027164912782609463,0.02202946910013755,0.05192881946762403,0.03120085472861926,0.12019120156764984,0.021135580415527027,0.005053198353076975,0.011070306102434794,0.01240459798524777,0.03622932297488054,0.025921203196048737,0.5855833689371744,0.29393654068311054,0.01521722599864006
2013Q3,88.46396382649739,72.16269556681316,0.6319783429304758,0.23365258425474167,0.01680416737993558,0.3027132451534271,0.12718096127112707,0.04636122286319733,0.02192346565425396,0.055632626016934715,0.051664589593807854,0.4167700409889221,0.02958770841360092,0.007768025776992242,0.016706297794977825,0.010307213912407557,0.030847111095984776,0.010333509805301825,0.7558032274246216,0.2909923742214839,0.011695889135201773
2013Q4,73.70154317220052,67.87435658772786,0.5101047952969869,0.1713329255580902,0.0555291132380565,0.3993054727713267,0.12158279865980148,0.04468687872091929,0.01627588605818649,0.04585916983584563,0.06582123786211014,0.17407508691151938,0.01959778112359345,0.003855708676079909,0.023384076077491045,0.018197433246920507,0.04449298791587353,0.02513696253299713,0.6811238725980123,0.22571490705013275,0.06344956159591675
2014Q1,88.91934967041016,75.99199803670247,1.1537986199061077,0.23032076160113016,0.8565693646669388,0.39197878042856854,0.14660579711198807,0.04301524410645167,0.015586179681122303,0.054833926260471344,0.04399343517919382,0.15263652801513672,0.19688468302289644,0.08022454380989075,0.047207146572570004,0.057683415400485195,0.018566835361222427,0.0698598896463712,1.1592936913172405,0.28836865723133087,0.7154271354277929
2014Q2,91.8058344523112,77.12935892740886,1.1311828295389812,0.18466647217671076,0.958500345547994,0.3677714169025421,0.10770237197478612,0.03497151782115301,0.006580157360682885,0.03247024491429329,0.040101913114388786,0.13182675341765085,0.13418314357598624,0.03248639094332854,0.01693795124689738,0.05620874464511871,0.05589279470344385,0.052073381220300995,1.1420469284057617,0.2042526106039683,0.9051706194877625
2014Q3,135.58539835611978,101.58732350667317,1.618187665939331,0.3937588433424632,1.434170921643575,0.4705273509025574,0.14900349577267966,0.05888255933920542,0.04199825103084246,0.04021834209561348,0.04684746637940407,0.4952421287695567,0.16565288106600443,0.040351285288731255,0.04004409288366636,0.4377538934350014,0.05096399411559105,0.03215953645606836,1.410942792892456,0.3885948359966278,1.2105044921239216
2014Q4,84.85575866699219,68.70668538411458,0.6596695880095164,0.26236151655515033,0.42434317866961163,0.2874940137068431,0.16209119061628977,0.020226283619801205,0.010986661848922571,0.0474905992547671,0.04219846986234188,0.13607247173786163,0.05177002275983492,0.016276513536771137,0.022450757523377735,0.05728381872177124,0.030202519769469898,0.022230228409171104,0.668075700600942,0.3113539119561513,0.38852105538050336
2015Q1,109.3818868001302,95.87928517659505,0.930423378944397,0.26515615979830426,0.6291252871354421,0.3374607264995575,0.1575825090209643,0.025635575875639915,0.05567565249900023,0.04266917333006859,0.05272255217035612,0.2631944219271342,0.0723260094722112,0.035674525114397206,0.013038831142087778,0.01860000379383564,0.02445590092490117,0.02002840054531892,0.9401079813639323,0.2956419885158539,0.5525997281074524
2015Q2,88.11959584554036,78.67208607991536,0.6612671415011088,0.2044200599193573,0.26032380759716034,0.3723681569099426,0.13262364019950232,0.028487443303068478,0.01715311376998822,0.04994854579369227,0.05011744859317938,0.18523320058981577,0.07443726186951001,0.03587175905704498,0.02998174913227558,0.04278393586476644,0.03849009176095327,0.019948466680943966,0.6812604069709778,0.25483666360378265,0.24596741795539856
2015Q3,96.01821645100911,91.2582778930664,0.8303685188293457,0.4403697947661082,0.26205024123191833,0.529283324877421,0.11678686489661534,0.033870444322625794,0.02036536717787385,0.07319295406341553,0.048605124155680336,0.1692481984694799,0.04589540604501963,0.09296672387669484,0.018929272113988798,0.04475859428445498,0.02652052293221156,0.046436021104454994,0.9568309386571249,0.5207327902317047,0.2581547846396764
2015Q4,130.29488118489584,113.86388397216797,1.2787898580233257,0.7457965612411499,0.2812325060367584,0.41052242120107013,0.18845258156458536,0.05718357861042023,0.016924507450312376,0.09533394314348698,0.047687683875362076,0.3489700605471929,0.0840052602191766,0.061227235943078995,0.01551981937761108,0.07447510150571664,0.059424811974167824,0.020320792216807604,1.297400673230489,0.8262898524602255,0.25967057545979816
2016Q1,110.56036122639973,91.75667063395183,0.8923128843307495,0.554839164018631,0.16768748313188553,0.5686025818188986,0.15318554391463599,0.07064037335415681,0.018581086459259193,0.1194471965233485,0.05131058767437935,0.14715585857629776,0.056547523786624275,0.048306758205095925,0.05406438993910948,0.03436045038203398,0.03398629774649938,0.018969229732950527,0.9640506505966187,0.6001153190930685,0.2305241028467814
2016Q2,87.90733337402344,78.98256937662761,0.6581482887268066,0.3642840286095937,0.15138912697633108,0.3702332675457001,0.10842512796322505,0.03228745454301437,0.027711040961245697,0.08486771335204442,0.021674377533296745,0.1890646368265152,0.08196110775073369,0.023247668830056984,0.027863421787818272,0.030937618886431057,0.07234616080919902,0.01846432328845064,0.7616698344548544,0.4374705453713735,0.14778940131266913
2016Q3,105.9647216796875,88.03846232096355,0.9134564598401388,0.6311819851398468,0.19539947311083475,0.41745590170224506,0.1935559262832006,0.026708756263057392,0.021753292065113783,0.09383299325903256,0.031964230040709175,0.13203619172175726,0.12742403397957483,0.035024007161458336,0.031921845550338425,0.04519145376980305,0.0769861452281475,0.042045801877975464,1.035721202691396,0.6960011124610901,0.22580907742182413
2016Q4,90.28233591715495,78.65644073486328,1.0772586862246196,0.43671368559201557,0.258282204469045,0.44232956568400067,0.15032397210597992,0.034465198094646134,0.01882876145342986,0.13160223265488943,0.030807113895813625,0.12388673300544421,0.11355850597222646,0.054604178915421166,0.036540720922251545,0.029470585907498997,0.06860454380512238,0.01338154450058937,1.1292899052302043,0.5482685764630636,0.28261587023735046
2017Q1,105.34782409667969,88.5494384765625,1.036116401354472,0.39968185623486835,0.32281039158503216,0.6647883454958597,0.16391777992248535,0.03226157743483782,0.007048029452562332,0.2048201486468315,0.04735774795214335,0.15773470203081766,0.07466033846139908,0.03498208491752545,0.039407910158236824,0.11372890944282214,0.06340014686187108,0.011621315497905016,1.202983518441518,0.47648513317108154,0.3850803126891454
2017Q2,116.27630106608073,92.45040639241536,1.0444397727648418,0.40040286382039386,0.17927375435829163,0.7697704235712687,0.1551774963736534,0.0362943938622872,0.012082181560496489,0.09457151840130489,0.029434702669580776,0.2858172009388606,0.054978797833124794,0.018930860795080662,0.05166388923923174,0.06347936019301414,0.12814528743426004,0.04099080401162306,1.1105182965596516,0.4350058337052663,0.23072542250156403
2017Q3,118.95984141031902,96.59679667154948,1.2116366624832153,0.287485013405482,0.2561529725790024,1.1264950434366863,0.20308746894200644,0.053176419188578926,0.019221174841125805,0.1454828679561615,0.05655081073443095,0.1658724769949913,0.1297332930068175,0.0296884427467982,0.037575346107284226,0.04281431126097838,0.10571951419115067,0.02440392350157102,1.4921598037083943,0.29192695518334705,0.3609536538521449
2017Q4,88.92528025309245,67.56650288899739,0.721433679262797,0.22300013403097788,0.11909510940313339,0.6963199575742086,0.1138029620051384,0.032824755956729255,0.028485107235610485,0.08900656551122665,0.04211210459470749,0.1625282714764277,0.04462761307756106,0.021782804901401203,0.016122099322577316,0.05354555696249008,0.09872246161103249,0.018225699042280514,0.7998832662900289,0.3096100240945816,0.1602984219789505
2018Q1,89.62681833902995,67.89710362752278,1.0663780172665913,0.3584850877523422,0.16631241391102472,0.6413826743761698,0.12972174088160196,0.067155372351408,0.015550358220934868,0.10197154308358829,0.029258843045681715,0.11625867833693822,0.11352104569474857,0.03102296218276024,0.026483436425526936,0.0497240386903286,0.04192997142672539,0.03786527365446091,1.1155397097269695,0.42284991840521496,0.2055042584737142
2018Q2,117.63289388020833,79.12420654296875,1.305024782816569,0.26433950662612915,0.15933720767498016,1.2652382055918376,0.19789043565591177,0.06556181982159615,0.053017081382373966,0.17170342803001404,0.058521815886100136,0.10559627413749695,0.03508381669720014,0.02081025717779994,0.050063602005441986,0.055894073098897934,0.052975655222932495,0.020975104222695034,1.054330845673879,0.25825316707293194,0.20481852690378824
2018Q3,99.27467346191406,64.79143778483073,1.042555828889211,0.3868223975102107,0.17495049039522806,0.9201260209083557,0.15941387911637625,0.05939647803703944,0.08874402071038882,0.11284471054871877,0.10185076296329498,0.08400930464267731,0.05281904463966688,0.033946286886930466,0.027691270224750042,0.02472894514600436,0.018966676201671362,0.03455141372978687,0.9684820771217346,0.3099939276774724,0.20097492883602777
2018Q4,87.67724355061848,59.02153015136719,0.9246386488278707,0.5139620701471964,0.23717568069696426,0.8400745590527853,0.15600522110859552,0.03941869207968315,0.15650351345539093,0.1657681167125702,0.021521393830577534,0.11644207313656807,0.09526362518469493,0.03149083318809668,0.023653400596231222,0.015375060805430016,0.03659299605836471,0.025138478881369036,0.7773638168970743,0.5400489767392477,0.12783548484245935
2019Q1,88.8508529663086,68.47212346394856,0.8731122612953186,0.3257225751876831,0.08485962077975273,0.9232702453931173,0.25381055722634,0.16769699255625406,0.04774272566040357,0.16740620384613672,0.02583927847445011,0.07998494431376457,0.14054306969046593,0.03997601134081682,0.031741159657637276,0.01697295407454173,0.03425997247298559,0.024972451540331047,0.8738695581754049,0.292401780684789,0.04936918243765831
2019Q2,97.43793487548828,69.81090672810872,0.8929644624392191,0.2860487600167592,0.1167815625667572,1.0091004967689514,0.2743118455012639,0.05920109152793884,0.04198142606765032,0.18978617588678995,0.0348668514440457,0.17298822104930878,0.03043881555398305,0.03174704313278198,0.07938345397512118,0.04893438704311848,0.06228857859969139,0.041743661587436996,0.9672879576683044,0.2673962910970052,0.11630138506491979
2019Q3,95.76455434163411,78.7417704264323,0.7390694618225098,0.23456613719463348,0.14311828215916952,0.8998717864354452,0.22422152757644653,0.06637782727678616,0.03393081808462739,0.10178494453430176,0.03245452046394348,0.10769614701469739,0.06492706822852294,0.016228762455284595,0.016225758008658886,0.01623026452337702,0.03244851094981035,0.04866826037565867,0.8306891520818075,0.325894167025884,0.1764220098654429
2019Q4,81.73166910807292,62.680067698160805,0.7084925274054209,0.582196851571401,0.18423733115196228,0.6258469422658285,0.11320518453915913,0.10514496018489201,0.03217637352645397,0.11687049518028896,0.023466406700511772,0.11603102336327235,0.046680087223649025,0.0325515562047561,0.01724977729221185,0.011109179972360531,0.02620342404892047,0.021897373721003532,0.8080610632896423,0.6044522374868393,0.27525895337263745
2020Q1,98.6388448079427,82.64719899495442,0.7551426688830057,0.44076595703760785,0.22064289326469103,0.9341865181922913,0.1715380921959877,0.05228004169960817,0.0203785989433527,0.08099735776583354,0.03216110107799371,0.1759009063243866,0.04547212769587835,0.018953366825977962,0.03361562763651212,0.03669417587419351,0.04682336375117302,0.0351325503240029,0.7645281453927358,0.3800169378519058,0.21785934021075568
2020Q2,69.69149271647136,69.25143686930339,0.37827475865681964,0.09769394248723984,0.07047834619879723,0.711871862411499,0.19742117822170258,0.06910313293337822,0.013808081236978373,0.09358039995034535,0.04457111501445373,0.08556012685100238,0.0443562480310599,0.02451193518936634,0.03063895491262277,0.02445718739181757,0.03849223783860604,0.028982023398081463,0.46503227949142456,0.12961137294769287,0.12462020913759868
2020Q3,70.77223714192708,58.926405588785805,0.6148896515369415,0.23739312589168549,0.16563590615987778,0.8169782956441244,0.1808606262008349,0.028308223622540634,0.007472014209876458,0.07309221227963765,0.025361862654487293,0.11198402444521587,0.08784087623159091,0.02684957906603813,0.02238751109689474,0.025384414941072464,0.04336094111204147,0.03423192507276932,0.6741063992182413,0.15699359526236853,0.17519229898850122
2020Q4,70.07264200846355,53.794629414876304,0.6274528106053671,0.3123929649591446,0.08358305941025417,0.5540211002031962,0.13989654431740442,0.03445719430843989,0.02026725436250369,0.06798706327875455,0.04157259392862519,0.09478613237539928,0.060383617877960205,0.028285436021784943,0.007869058599074682,0.01212217379361391,0.02300604960570733,0.00587119534611702,0.584402859210968,0.240151509642601,0.12350723892450333
2021Q1,76.66475677490234,55.93916702270508,0.5793824593226115,0.165121262272199,0.10000762343406677,0.7759027679761251,0.19280191759268442,0.05813141167163849,0.013137906789779663,0.07426487902800243,0.06112844993670782,0.08522131418188413,0.06325611223777135,0.021074695512652397,0.03976580500602722,0.024706320526699226,0.02722649524609248,0.08165142685174942,0.4953378140926361,0.1653796136379242,0.09567561248938243
2021Q2,85.10015869140625,63.25355529785156,0.9514240622520447,0.1740171511967977,0.4439621865749359,0.7001392841339111,0.22539657851060232,0.04618268211682638,0.012298224649081627,0.0445558987557888,0.05393283565839132,0.17394043132662773,0.1423707033197085,0.03976447321474552,0.027662815215686958,0.05060440332939228,0.02773301334430774,0.047542703648408256,0.7889020840326945,0.24094279607137045,0.3175831387440364
2021Q3,76.20142873128255,56.8351682027181,0.5926362375418345,0.16901587943236032,0.1114879051844279,0.6504315535227457,0.24861028790473938,0.042129037280877434,0.015514851858218512,0.0653255321085453,0.02784768057366212,0.0798868437608083,0.08778677384058635,0.04426033950100342,0.017457585781812668,0.009229858095447222,0.0213625308436652,0.01235095721979936,0.5071573555469513,0.2330623815457026,0.06204358488321304
2021Q4,90.31460062662761,58.50559107462565,1.1608941753705342,0.25798558195432025,0.7256636669238409,0.8072517514228821,0.18662777046362558,0.011083121101061503,0.013937820990880331,0.05978343139092127,0.06319956357280414,0.07906805723905563,0.32315759857495624,0.050564327587684,0.009503716602921486,0.01902692827085654,0.027988705784082413,0.04037403936187426,0.8585086067517599,0.20593171318372092,0.49495593706766766
2022Q1,224.59630839029947,124.32137807210286,5.65836238861084,0.4590774476528168,5.437338670094808,1.5899364352226257,0.2854388356208801,0.14581250896056494,0.058319988350073494,0.07626333956917127,0.07317754377921422,0.1297643855214119,1.315913478533427,0.35230109095573425,0.05708025892575582,0.042479243129491806,0.040575502440333366,0.03257994602123896,3.647136092185974,0.47080447276433307,3.5125165780385337
2022Q2,154.70296732584634,108.98108418782552,3.682149887084961,0.4660843511422475,3.7152717113494873,0.9954902529716492,0.38056154052416485,0.07366641735037167,0.03498655650764704,0.10804625600576401,0.06381589298446973,0.14294291784365973,0.7535837690035502,0.25160782039165497,0.06928001344203949,0.0271127683420976,0.026921413217981655,0.02703692950308323,3.10110870997111,0.555879553159078,3.0714454650878906
2022Q3,127.34195200602214,110.02812194824219,2.711162805557251,0.47874189416567486,2.628537654876709,1.0626075863838196,0.3427860885858536,0.06445600340763728,0.0429716973255078,0.06665098667144775,0.045037392526865005,0.16645444432894388,0.3111602117617925,0.11944498866796494,0.06444897254308064,0.041276715695858,0.039340307315190635,0.02737840699652831,2.760063807169596,0.5597605307896932,2.6022942066192627
2022Q4,123.69154612223308,108.41433207194011,2.709871212641398,0.37690502405166626,2.653054157892863,1.0576727986335754,0.28372182448705036,0.07916912933190663,0.021554877671102684,0.07254065821568172,0.05225168168544769,0.10562507932384808,0.3139643669128418,0.10894627372423808,0.18313912923137346,0.009480934590101242,0.015521522300938765,0.029142518217364948,3.0876407623291016,0.44309691588083905,2.9823729197184243
2023Q1,110.21379852294922,92.29931640625,2.1063189109166465,0.31508609652519226,1.9929635922114055,1.1889073252677917,0.26534147063891095,0.07799825072288513,0.018650488307078678,0.09674386928478877,0.06538974866271019,0.0791529727478822,0.3551052312056224,0.07898156841595967,0.05661266172925631,0.01441594415033857,0.07634534128010273,0.023097897569338482,2.2627750237782798,0.4193217655022939,2.104671597480774
2023Q2,108.60209401448567,92.31566874186198,1.975293238957723,0.26511184871196747,1.8634104331334431,1.1227679252624512,0.2748277286688487,0.1514939839641253,0.018660069132844608,0.05985752368966738,0.11865480119983356,0.22366630037625632,0.16386290391286215,0.08877655118703842,0.07447865605354309,0.02098338445648551,0.04417372432847818,0.016394933530439932,2.2498052517573037,0.386663759748141,2.098464608192444
2023Q3,102.40825907389323,79.4043197631836,1.983916958173116,0.3976568281650543,1.709181308746338,1.0156052708625793,0.32880709568659466,0.10991354038317998,0.030402312365670998,0.09596381584803264,0.120067298412323,0.09761942674716313,0.20222380260626474,0.0837286760409673,0.06298241391777992,0.034513317669431366,0.04057479277253151,0.020390963802735012,1.9073501825332642,0.45743922392527264,1.6300758918126423
2023Q4,165.6208699544271,134.17351277669272,1.5364317893981934,0.2812494883934657,1.4266064961751301,0.8868486086527506,0.23218229413032532,0.08272167295217514,0.04376885543266932,0.1174894670645396,0.07928909237186114,1.254797339439392,0.1585910568634669,0.12544143199920654,0.12657823041081429,0.027069864173730213,0.07434367015957832,0.1284858596821626,1.5408787329991658,0.27612216770648956,1.5137008825937908
2024Q1,146.72833251953125,108.96941375732422,1.617985208829244,0.2755705763896306,1.4945289691289265,0.8739796678225199,0.24374874929587045,0.07173202062646548,0.04080304875969887,0.14993692934513092,0.18684787303209305,0.8649942874908447,0.1768697847922643,0.10965493569771449,0.05289472763737043,0.04022026248276234,0.025061844227214653,0.03815546197195848,1.4550183216730754,0.2908779780069987,1.4429848591486614
2024Q2,135.8540013631185,102.08003234863281,1.6729413668314617,0.20057656367619833,1.4893631140391033,0.958040455977122,0.19053445756435394,0.07331684852639835,0.05402897298336029,0.08371577536066373,0.14562222609917322,0.6249704162279764,0.21525359153747559,0.08368785679340363,0.054378021508455276,0.02082500420510769,0.07158735891183217,0.02729101137568553,1.5201741456985474,0.23231559495131174,1.3876114288965862
2024Q3,121.24290720621745,90.94869486490886,1.328869601090749,0.21419677138328552,1.1704185009002686,0.7132832407951355,0.1857149600982666,0.1100288877884547,0.02966115375359853,0.08698783690730731,0.06553931410113971,0.5122605462869009,0.13050113121668497,0.11368285119533539,0.04642801980177561,0.029545365522305172,0.06360230470697086,0.03182829854389032,1.1388163169225056,0.23854735990365347,1.0174791018168132
2024Q4,133.9857635498047,100.7925287882487,1.8774375915527344,0.5838246246178945,1.4775834878285725,0.9419582486152649,0.2143984536329905,0.1303535376985868,0.040490781888365746,0.14697249233722687,0.11778011669715245,0.24571891129016876,0.1337238003810247,0.10454647739728291,0.06275154339770476,0.025798172534753878,0.03445122390985489,0.025397692807018757,1.7596930662790935,0.593114455540975,1.4259744087855022
